Id,date,assigned_group,trial_tot,fase_prueba.thisN,fase_testeo.thisN,difficulty,dominant_color,dominant_count,correctAns,resp_prueba.keys,resp_prueba.rt,resp_testeo.keys,resp_testeo.rt,scale_order,confidence_key,confidence_level,confidence_label,group
4302,2026-05-19_12h12.10.944,Experimental,,,,,,,,,,,,Reverse,,,,
4302,2026-05-19_12h12.10.944,,,,,,,,,,,,,,,,,
4302,2026-05-19_12h12.10.944,,,,,,,,,,,,,,,,,
4302,2026-05-19_12h12.10.944,,1,0,,Average,Red,53,n,n,4.904400000002234,,,,,,,
4302,2026-05-19_12h12.10.944,,2,1,,Average,Red,51,n,n,1.505199999999256,,,,,,,
4302,2026-05-19_12h12.10.944,,3,2,,Average,Red,51,n,n,1.3825000000000003,,,,,,,
4302,2026-05-19_12h12.10.944,,4,3,,Easy,Red,62,n,n,0.9999000000022349,,,,,,,
4302,2026-05-19_12h12.10.944,,5,4,,Easy,Red,61,n,n,1.1463000000007426,,,,,,,
4302,2026-05-19_12h12.10.944,,6,5,,Easy,Red,61,n,n,1.091099999997759,,,,,,,
4302,2026-05-19_12h12.10.944,,7,6,,Difficult,Blue,44,c,c,0.7231999999992524,,,,,,,
4302,2026-05-19_12h12.10.944,,8,7,,Easy,Red,63,n,n,0.7126000000015011,,,,,,,
4302,2026-05-19_12h12.10.944,,9,8,,Difficult,Red,43,n,c,0.6161000000014951,,,,,,,
4302,2026-05-19_12h12.10.944,,10,9,,Difficult,Red,45,n,c,1.1555000000000035,,,,,,,
4302,2026-05-19_12h12.10.944,,11,10,,Easy,Red,61,n,n,0.37080000000074165,,,,,,,
4302,2026-05-19_12h12.10.944,,12,11,,Difficult,Blue,44,c,c,0.6164000000022298,,,,,,,
4302,2026-05-19_12h12.10.944,,13,12,,Average,Red,51,n,n,1.0786999999992588,,,,,,,
4302,2026-05-19_12h12.10.944,,14,13,,Difficult,Red,42,n,c,0.7161999999992474,,,,,,,
4302,2026-05-19_12h12.10.944,,15,14,,Average,Blue,51,c,c,0.44489999999851193,,,,,,,
4302,2026-05-19_12h12.10.944,,16,15,,Average,Blue,53,c,c,0.44810000000148875,,,,,,,
4302,2026-05-19_12h12.10.944,,17,16,,Average,Red,51,n,n,0.8504999999999967,,,,,,,
4302,2026-05-19_12h12.10.944,,18,17,,Difficult,Red,41,n,c,0.4921999999992579,,,,,,,
4302,2026-05-19_12h12.10.944,,19,18,,Difficult,Red,42,n,c,1.2583999999985025,,,,,,,
4302,2026-05-19_12h12.10.944,,20,19,,Average,Blue,53,c,c,0.44940000000224245,,,,,,,
4302,2026-05-19_12h12.10.944,,21,20,,Average,Red,54,n,n,0.5218000000007521,,,,,,,
4302,2026-05-19_12h12.10.944,,22,21,,Easy,Red,61,n,n,0.5189000000022332,,,,,,,
4302,2026-05-19_12h12.10.944,,23,22,,Easy,Red,65,n,n,0.4582999999970241,,,,,,,
4302,2026-05-19_12h12.10.944,,24,23,,Easy,Red,65,n,n,0.518800000000752,,,,,,,
4302,2026-05-19_12h12.10.944,,25,24,,Easy,Red,65,n,n,0.5926999999992546,,,,,,,
4302,2026-05-19_12h12.10.944,,26,25,,Easy,Blue,65,c,c,0.39130000000075427,,,,,,,
4302,2026-05-19_12h12.10.944,,27,26,,Difficult,Blue,42,c,c,0.6672999999970273,,,,,,,
4302,2026-05-19_12h12.10.944,,28,27,,Difficult,Blue,43,c,c,0.525899999998515,,,,,,,
4302,2026-05-19_12h12.10.944,,29,28,,Average,Blue,54,c,c,0.40099999999999625,,,,,,,
4302,2026-05-19_12h12.10.944,,30,29,,Difficult,Red,44,n,n,0.4603999999985149,,,,,,,
4302,2026-05-19_12h12.10.944,,31,30,,Easy,Red,63,n,n,0.3889999999999958,,,,,,,
4302,2026-05-19_12h12.10.944,,32,31,,Difficult,Blue,45,c,c,0.3286999999992588,,,,,,,
4302,2026-05-19_12h12.10.944,,33,32,,Average,Blue,52,c,c,0.38139999999850716,,,,,,,
4302,2026-05-19_12h12.10.944,,34,33,,Difficult,Blue,43,c,c,0.333999999999989,,,,,,,
4302,2026-05-19_12h12.10.944,,35,34,,Easy,Red,61,n,n,0.31589999999850704,,,,,,,
4302,2026-05-19_12h12.10.944,,36,35,,Difficult,Red,43,n,n,0.8590999999977669,,,,,,,
4302,2026-05-19_12h12.10.944,,37,36,,Difficult,Blue,44,c,c,0.4673000000007477,,,,,,,
4302,2026-05-19_12h12.10.944,,38,37,,Easy,Blue,64,c,c,0.42469999999926245,,,,,,,
4302,2026-05-19_12h12.10.944,,39,38,,Easy,Red,63,n,n,0.3332000000029893,,,,,,,
4302,2026-05-19_12h12.10.944,,40,39,,Difficult,Red,42,n,n,1.1256000000014978,,,,,,,
4302,2026-05-19_12h12.10.944,,41,40,,Difficult,Red,44,n,n,0.8340000000000032,,,,,,,
4302,2026-05-19_12h12.10.944,,42,41,,Average,Blue,53,c,c,0.2819999999999965,,,,,,,
4302,2026-05-19_12h12.10.944,,43,42,,Easy,Red,62,n,n,0.3663000000007486,,,,,,,
4302,2026-05-19_12h12.10.944,,44,43,,Difficult,Red,45,n,n,0.8818000000007515,,,,,,,
4302,2026-05-19_12h12.10.944,,45,44,,Easy,Blue,64,c,c,0.2901999999992597,,,,,,,
4302,2026-05-19_12h12.10.944,,46,45,,Easy,Blue,63,c,c,0.3464999999999918,,,,,,,
4302,2026-05-19_12h12.10.944,,47,46,,Difficult,Blue,41,c,n,0.7814999999999941,,,,,,,
4302,2026-05-19_12h12.10.944,,48,47,,Easy,Red,63,n,n,0.5926999999992546,,,,,,,
4302,2026-05-19_12h12.10.944,,49,48,,Difficult,Red,44,n,c,1.1508000000007428,,,,,,,
4302,2026-05-19_12h12.10.944,,50,49,,Average,Blue,53,c,c,0.41749999999998977,,,,,,,
4302,2026-05-19_12h12.10.944,,51,50,,Average,Red,54,n,n,0.5821000000014749,,,,,,,
4302,2026-05-19_12h12.10.944,,52,51,,Easy,Blue,64,c,c,0.33940000000225723,,,,,,,
4302,2026-05-19_12h12.10.944,,53,52,,Difficult,Red,45,n,n,0.6488000000007332,,,,,,,
4302,2026-05-19_12h12.10.944,,54,53,,Easy,Red,61,n,n,0.37969999999927495,,,,,,,
4302,2026-05-19_12h12.10.944,,55,54,,Difficult,Red,41,n,c,0.3665999999977885,,,,,,,
4302,2026-05-19_12h12.10.944,,56,55,,Easy,Red,64,n,n,0.24969999999925108,,,,,,,
4302,2026-05-19_12h12.10.944,,57,56,,Difficult,Red,45,n,c,0.45910000000148443,,,,,,,
4302,2026-05-19_12h12.10.944,,58,57,,Difficult,Red,42,n,n,0.7811999999992452,,,,,,,
4302,2026-05-19_12h12.10.944,,59,58,,Average,Red,55,n,n,0.4331999999992604,,,,,,,
4302,2026-05-19_12h12.10.944,,60,59,,Difficult,Blue,44,c,c,0.4695999999977687,,,,,,,
4302,2026-05-19_12h12.10.944,,61,60,,Average,Blue,51,c,c,0.3937000000030082,,,,,,,
4302,2026-05-19_12h12.10.944,,62,61,,Easy,Blue,62,c,c,0.3825000000000216,,,,,,,
4302,2026-05-19_12h12.10.944,,63,62,,Average,Blue,55,c,c,0.37990000000223745,,,,,,,
4302,2026-05-19_12h12.10.944,,64,63,,Difficult,Red,45,n,n,0.40509999999775914,,,,,,,
4302,2026-05-19_12h12.10.944,,65,64,,Difficult,Blue,43,c,n,0.999900000002242,,,,,,,
4302,2026-05-19_12h12.10.944,,66,65,,Difficult,Blue,43,c,c,0.3803000000007444,,,,,,,
4302,2026-05-19_12h12.10.944,,67,66,,Average,Blue,51,c,c,0.3188999999985356,,,,,,,
4302,2026-05-19_12h12.10.944,,68,67,,Difficult,Blue,45,c,c,0.3935000000000173,,,,,,,
4302,2026-05-19_12h12.10.944,,69,68,,Difficult,Blue,43,c,c,0.5441999999992504,,,,,,,
4302,2026-05-19_12h12.10.944,,70,69,,Difficult,Red,45,n,n,0.6915999999977771,,,,,,,
4302,2026-05-19_12h12.10.944,,71,70,,Easy,Blue,62,c,c,0.24429999999699703,,,,,,,
4302,2026-05-19_12h12.10.944,,72,71,,Average,Blue,51,c,c,0.4017999999969959,,,,,,,
4302,2026-05-19_12h12.10.944,,73,72,,Difficult,Blue,45,c,c,0.7138000000007594,,,,,,,
4302,2026-05-19_12h12.10.944,,74,73,,Difficult,Red,42,n,n,0.4342999999970232,,,,,,,
4302,2026-05-19_12h12.10.944,,75,74,,Easy,Blue,64,c,c,0.3156000000014956,,,,,,,
4302,2026-05-19_12h12.10.944,,76,75,,Average,Red,52,n,n,0.5949999999999989,,,,,,,
4302,2026-05-19_12h12.10.944,,77,76,,Average,Blue,55,c,c,0.427899999998516,,,,,,,
4302,2026-05-19_12h12.10.944,,78,77,,Easy,Blue,65,c,c,0.4143999999984942,,,,,,,
4302,2026-05-19_12h12.10.944,,79,78,,Difficult,Red,41,n,n,1.0594999999999857,,,,,,,
4302,2026-05-19_12h12.10.944,,80,79,,Average,Red,53,n,n,0.5552000000029693,,,,,,,
4302,2026-05-19_12h12.10.944,,81,80,,Easy,Red,63,n,n,0.37249999999997385,,,,,,,
4302,2026-05-19_12h12.10.944,,82,81,,Difficult,Blue,42,c,c,0.5146999999992659,,,,,,,
4302,2026-05-19_12h12.10.944,,83,82,,Average,Blue,55,c,c,0.5343999999984987,,,,,,,
4302,2026-05-19_12h12.10.944,,84,83,,Easy,Blue,62,c,c,0.4475999999977489,,,,,,,
4302,2026-05-19_12h12.10.944,,85,84,,Difficult,Blue,41,c,n,0.8710000000000093,,,,,,,
4302,2026-05-19_12h12.10.944,,86,85,,Easy,Blue,63,c,c,0.18200000000001637,,,,,,,
4302,2026-05-19_12h12.10.944,,87,86,,Average,Blue,52,c,n,0.22779999999701772,,,,,,,
4302,2026-05-19_12h12.10.944,,88,87,,Easy,Blue,63,c,c,0.39170000000297023,,,,,,,
4302,2026-05-19_12h12.10.944,,89,88,,Average,Blue,53,c,c,0.5481999999992695,,,,,,,
4302,2026-05-19_12h12.10.944,,90,89,,Difficult,Blue,41,c,n,0.8995000000000175,,,,,,,
4302,2026-05-19_12h12.10.944,,91,90,,Average,Red,53,n,n,0.9046000000014942,,,,,,,
4302,2026-05-19_12h12.10.944,,92,91,,Difficult,Blue,41,c,n,1.017800000000733,,,,,,,
4302,2026-05-19_12h12.10.944,,93,92,,Difficult,Red,45,n,c,0.4807999999970036,,,,,,,
4302,2026-05-19_12h12.10.944,,94,93,,Easy,Red,65,n,n,0.46839999999852466,,,,,,,
4302,2026-05-19_12h12.10.944,,95,94,,Difficult,Red,45,n,n,0.4786999999992645,,,,,,,
4302,2026-05-19_12h12.10.944,,96,95,,Difficult,Red,45,n,n,0.625,,,,,,,
4302,2026-05-19_12h12.10.944,,97,96,,Average,Blue,53,c,c,0.766699999999247,,,,,,,
4302,2026-05-19_12h12.10.944,,98,97,,Average,Blue,55,c,c,0.4380999999977462,,,,,,,
4302,2026-05-19_12h12.10.944,,99,98,,Difficult,Blue,43,c,c,0.6338000000007469,,,,,,,
4302,2026-05-19_12h12.10.944,,100,99,,Average,Red,55,n,n,0.31379999999703045,,,,,,,
4302,2026-05-19_12h12.10.944,,101,100,,Average,Red,54,n,n,0.41450000000000387,,,,,,,
4302,2026-05-19_12h12.10.944,,102,101,,Easy,Blue,63,c,c,0.4959999999999809,,,,,,,
4302,2026-05-19_12h12.10.944,,103,102,,Difficult,Blue,42,c,n,0.559899999998521,,,,,,,
4302,2026-05-19_12h12.10.944,,104,103,,Difficult,Blue,44,c,n,0.7717000000029941,,,,,,,
4302,2026-05-19_12h12.10.944,,105,104,,Easy,Red,65,n,n,0.3935000000000173,,,,,,,
4302,2026-05-19_12h12.10.944,,106,105,,Difficult,Blue,43,c,c,0.3853000000044631,,,,,,,
4302,2026-05-19_12h12.10.944,,107,106,,Difficult,Red,41,n,c,0.7812000000029968,,,,,,,
4302,2026-05-19_12h12.10.944,,108,107,,Average,Red,51,n,n,0.41690000000596683,,,,,,,
4302,2026-05-19_12h12.10.944,,109,108,,Average,Red,53,n,n,0.4526999999955308,,,,,,,
4302,2026-05-19_12h12.10.944,,110,109,,Difficult,Blue,44,c,c,0.7483999999984974,,,,,,,
4302,2026-05-19_12h12.10.944,,111,110,,Difficult,Blue,44,c,n,1.3258999999985122,,,,,,,
4302,2026-05-19_12h12.10.944,,112,111,,Difficult,Red,44,n,n,0.6667000000029759,,,,,,,
4302,2026-05-19_12h12.10.944,,113,112,,Average,Red,55,n,n,0.3824999999999932,,,,,,,
4302,2026-05-19_12h12.10.944,,114,113,,Difficult,Blue,42,c,c,0.4528999999984933,,,,,,,
4302,2026-05-19_12h12.10.944,,115,114,,Average,Red,53,n,n,0.39050000000000296,,,,,,,
4302,2026-05-19_12h12.10.944,,116,115,,Difficult,Red,43,n,n,0.9937000000029741,,,,,,,
4302,2026-05-19_12h12.10.944,,117,116,,Easy,Red,64,n,n,0.38029999999702113,,,,,,,
4302,2026-05-19_12h12.10.944,,118,117,,Easy,Blue,61,c,c,0.3850000000000193,,,,,,,
4302,2026-05-19_12h12.10.944,,119,118,,Difficult,Red,42,n,n,0.5172999999970216,,,,,,,
4302,2026-05-19_12h12.10.944,,120,119,,Average,Blue,53,c,c,0.3438000000044781,,,,,,,
4302,2026-05-19_12h12.10.944,,,,,,,,,,,,,,,,,
4302,2026-05-19_12h12.10.944,,121,,0,Average,Blue,53,c,,,c,0.5801999999955285,,1,6,Seguramente Correcto,Experimental
4302,2026-05-19_12h12.10.944,,122,,1,Average,Red,52,n,,,n,0.5328999999985058,,1,6,Seguramente Correcto,Experimental
4302,2026-05-19_12h12.10.944,,123,,2,Difficult,Blue,42,c,,,c,0.6659000000059336,,1,6,Seguramente Correcto,Experimental
4302,2026-05-19_12h12.10.944,,124,,3,Easy,Red,63,n,,,n,0.4479999999999791,,1,6,Seguramente Correcto,Experimental
4302,2026-05-19_12h12.10.944,,125,,4,Average,Red,52,n,,,n,0.5353000000044972,,1,6,Seguramente Correcto,Experimental
4302,2026-05-19_12h12.10.944,,126,,5,Average,Red,54,n,,,n,0.5042000000029816,,1,6,Seguramente Correcto,Experimental
4302,2026-05-19_12h12.10.944,,127,,6,Difficult,Blue,44,c,,,c,0.34389999999854126,,1,6,Seguramente Correcto,Experimental
4302,2026-05-19_12h12.10.944,,128,,7,Average,Blue,55,c,,,c,0.5008000000044603,,1,6,Seguramente Correcto,Experimental
4302,2026-05-19_12h12.10.944,,129,,8,Difficult,Blue,44,c,,,c,0.6812000000030025,,2,5,Probablemente Correcto,Experimental
4302,2026-05-19_12h12.10.944,,130,,9,Average,Red,54,n,,,n,0.2713999999984935,,1,6,Seguramente Correcto,Experimental
4302,2026-05-19_12h12.10.944,,131,,10,Average,Blue,52,c,,,c,0.6119999999999663,,1,6,Seguramente Correcto,Experimental
4302,2026-05-19_12h12.10.944,,132,,11,Average,Blue,54,c,,,c,0.5243999999985363,,1,6,Seguramente Correcto,Experimental
4302,2026-05-19_12h12.10.944,,133,,12,Easy,Blue,61,c,,,c,1.0676999999955115,,1,6,Seguramente Correcto,Experimental
4302,2026-05-19_12h12.10.944,,134,,13,Average,Blue,54,c,,,c,0.4248000000044385,,1,6,Seguramente Correcto,Experimental
4302,2026-05-19_12h12.10.944,,135,,14,Difficult,Blue,41,c,,,c,0.847699999995541,,1,6,Seguramente Correcto,Experimental
4302,2026-05-19_12h12.10.944,,136,,15,Difficult,Blue,41,c,,,c,0.6251999999955729,,1,6,Seguramente Correcto,Experimental
4302,2026-05-19_12h12.10.944,,137,,16,Difficult,Red,45,n,,,n,1.1122999999970489,,2,5,Probablemente Correcto,Experimental
4302,2026-05-19_12h12.10.944,,138,,17,Easy,Red,62,n,,,n,0.8711000000014906,,2,5,Probablemente Correcto,Experimental
4302,2026-05-19_12h12.10.944,,139,,18,Difficult,Blue,44,c,,,c,1.0710000000000264,,2,5,Probablemente Correcto,Experimental
4302,2026-05-19_12h12.10.944,,140,,19,Average,Blue,52,c,,,c,0.5471999999955415,,1,6,Seguramente Correcto,Experimental
4302,2026-05-19_12h12.10.944,,141,,20,Difficult,Blue,45,c,,,n,0.8488999999985367,,1,6,Seguramente Correcto,Experimental
4302,2026-05-19_12h12.10.944,,142,,21,Easy,Red,61,n,,,n,0.6681000000014592,,1,6,Seguramente Correcto,Experimental
4302,2026-05-19_12h12.10.944,,143,,22,Average,Blue,51,c,,,c,0.7539999999999623,,1,6,Seguramente Correcto,Experimental
4302,2026-05-19_12h12.10.944,,144,,23,Easy,Red,62,n,,,n,0.5489999999999782,,1,6,Seguramente Correcto,Experimental
4302,2026-05-19_12h12.10.944,,145,,24,Difficult,Blue,43,c,,,n,0.6332000000030007,,2,5,Probablemente Correcto,Experimental
4302,2026-05-19_12h12.10.944,,146,,25,Average,Red,52,n,,,n,0.6522000000029493,,1,6,Seguramente Correcto,Experimental
4302,2026-05-19_12h12.10.944,,147,,26,Average,Red,51,n,,,n,0.22610000000145192,,1,6,Seguramente Correcto,Experimental
4302,2026-05-19_12h12.10.944,,148,,27,Average,Blue,54,c,,,c,0.5126000000014983,,1,6,Seguramente Correcto,Experimental
4302,2026-05-19_12h12.10.944,,149,,28,Average,Blue,53,c,,,c,0.576300000004494,,1,6,Seguramente Correcto,Experimental
4302,2026-05-19_12h12.10.944,,150,,29,Easy,Red,62,n,,,n,0.31120000000299797,,1,6,Seguramente Correcto,Experimental
4302,2026-05-19_12h12.10.944,,151,,30,Difficult,Blue,41,c,,,n,0.9017999999970243,,2,5,Probablemente Correcto,Experimental
4302,2026-05-19_12h12.10.944,,152,,31,Difficult,Blue,44,c,,,c,1.9243999999985135,,2,5,Probablemente Correcto,Experimental
4302,2026-05-19_12h12.10.944,,153,,32,Average,Red,55,n,,,n,0.9549000000059777,,1,6,Seguramente Correcto,Experimental
4302,2026-05-19_12h12.10.944,,154,,33,Easy,Blue,63,c,,,c,0.5678999999985308,,1,6,Seguramente Correcto,Experimental
4302,2026-05-19_12h12.10.944,,155,,34,Average,Red,51,n,,,n,0.9549999999999841,,2,5,Probablemente Correcto,Experimental
4302,2026-05-19_12h12.10.944,,156,,35,Average,Red,54,n,,,n,0.5595000000000141,,1,6,Seguramente Correcto,Experimental
4302,2026-05-19_12h12.10.944,,157,,36,Easy,Blue,63,c,,,c,0.5341000000015015,,1,6,Seguramente Correcto,Experimental
4302,2026-05-19_12h12.10.944,,158,,37,Easy,Red,62,n,,,n,0.5542999999970561,,1,6,Seguramente Correcto,Experimental
4302,2026-05-19_12h12.10.944,,159,,38,Difficult,Blue,42,c,,,c,0.702799999997012,,1,6,Seguramente Correcto,Experimental
4302,2026-05-19_12h12.10.944,,160,,39,Difficult,Red,44,n,,,n,0.7331000000015138,,2,5,Probablemente Correcto,Experimental
4302,2026-05-19_12h12.10.944,,161,,40,Difficult,Red,42,n,,,n,0.8050000000000068,,1,6,Seguramente Correcto,Experimental
4302,2026-05-19_12h12.10.944,,162,,41,Easy,Blue,65,c,,,c,0.5178000000044563,,1,6,Seguramente Correcto,Experimental
4302,2026-05-19_12h12.10.944,,163,,42,Difficult,Red,43,n,,,n,0.8836000000014792,,2,5,Probablemente Correcto,Experimental
4302,2026-05-19_12h12.10.944,,164,,43,Easy,Red,65,n,,,n,0.5450000000000159,,1,6,Seguramente Correcto,Experimental
4302,2026-05-19_12h12.10.944,,165,,44,Average,Red,54,n,,,n,0.6661000000015065,,1,6,Seguramente Correcto,Experimental
4302,2026-05-19_12h12.10.944,,166,,45,Average,Red,51,n,,,n,0.4907000000030166,,1,6,Seguramente Correcto,Experimental
4302,2026-05-19_12h12.10.944,,167,,46,Average,Red,52,n,,,n,0.2673999999984744,,1,6,Seguramente Correcto,Experimental
4302,2026-05-19_12h12.10.944,,168,,47,Average,Red,54,n,,,n,0.22469999999549373,,1,6,Seguramente Correcto,Experimental
4302,2026-05-19_12h12.10.944,,169,,48,Average,Red,54,n,,,n,0.20159999999401634,,1,6,Seguramente Correcto,Experimental
4302,2026-05-19_12h12.10.944,,170,,49,Difficult,Red,45,n,,,n,0.692899999998474,,2,5,Probablemente Correcto,Experimental
4302,2026-05-19_12h12.10.944,,171,,50,Average,Blue,54,c,,,c,0.6662999999970225,,1,6,Seguramente Correcto,Experimental
4302,2026-05-19_12h12.10.944,,172,,51,Average,Blue,54,c,,,c,0.5478999999984921,,1,6,Seguramente Correcto,Experimental
4302,2026-05-19_12h12.10.944,,173,,52,Easy,Red,65,n,,,n,0.3350000000000364,,1,6,Seguramente Correcto,Experimental
4302,2026-05-19_12h12.10.944,,174,,53,Average,Blue,53,c,,,c,0.771199999995531,,1,6,Seguramente Correcto,Experimental
4302,2026-05-19_12h12.10.944,,175,,54,Difficult,Red,42,n,,,n,0.41639999999853217,,1,6,Seguramente Correcto,Experimental
4302,2026-05-19_12h12.10.944,,176,,55,Average,Blue,53,c,,,c,0.42129999999701795,,1,6,Seguramente Correcto,Experimental
4302,2026-05-19_12h12.10.944,,177,,56,Average,Blue,53,c,,,c,0.6341999999955306,,1,6,Seguramente Correcto,Experimental
4302,2026-05-19_12h12.10.944,,178,,57,Easy,Blue,62,c,,,c,0.33689999999853626,,1,6,Seguramente Correcto,Experimental
4302,2026-05-19_12h12.10.944,,179,,58,Average,Blue,52,c,,,c,0.5517000000029384,,1,6,Seguramente Correcto,Experimental
4302,2026-05-19_12h12.10.944,,180,,59,Easy,Red,65,n,,,n,0.3486999999955742,,1,6,Seguramente Correcto,Experimental
4302,2026-05-19_12h12.10.944,,181,,60,Difficult,Red,44,n,,,n,0.9889000000059696,,2,5,Probablemente Correcto,Experimental
4302,2026-05-19_12h12.10.944,,182,,61,Easy,Red,64,n,,,n,0.24799999999999045,,1,6,Seguramente Correcto,Experimental
4302,2026-05-19_12h12.10.944,,183,,62,Easy,Red,65,n,,,n,0.41639999999853217,,1,6,Seguramente Correcto,Experimental
4302,2026-05-19_12h12.10.944,,184,,63,Easy,Blue,63,c,,,c,0.5860000000000127,,1,6,Seguramente Correcto,Experimental
4302,2026-05-19_12h12.10.944,,185,,64,Average,Red,53,n,,,n,0.3156999999955019,,1,6,Seguramente Correcto,Experimental
4302,2026-05-19_12h12.10.944,,186,,65,Difficult,Blue,42,c,,,c,0.5380000000000109,,1,6,Seguramente Correcto,Experimental
4302,2026-05-19_12h12.10.944,,187,,66,Difficult,Red,43,n,,,n,0.5123999999985358,,1,6,Seguramente Correcto,Experimental
4302,2026-05-19_12h12.10.944,,188,,67,Difficult,Red,43,n,,,c,0.6488999999984912,,2,5,Probablemente Correcto,Experimental
4302,2026-05-19_12h12.10.944,,189,,68,Easy,Red,62,n,,,n,0.49980000000442715,,1,6,Seguramente Correcto,Experimental
4302,2026-05-19_12h12.10.944,,190,,69,Easy,Red,62,n,,,n,0.2812000000029684,,1,6,Seguramente Correcto,Experimental
4302,2026-05-19_12h12.10.944,,191,,70,Difficult,Blue,41,c,,,c,0.6670999999940364,,1,6,Seguramente Correcto,Experimental
4302,2026-05-19_12h12.10.944,,192,,71,Average,Blue,52,c,,,c,0.5928999999985081,,1,6,Seguramente Correcto,Experimental
4302,2026-05-19_12h12.10.944,,193,,72,Difficult,Red,41,n,,,c,0.38420000000297705,,1,6,Seguramente Correcto,Experimental
4302,2026-05-19_12h12.10.944,,194,,73,Average,Red,52,n,,,n,0.5602000000030216,,2,5,Probablemente Correcto,Experimental
4302,2026-05-19_12h12.10.944,,195,,74,Average,Red,51,n,,,n,0.4689000000059309,,1,6,Seguramente Correcto,Experimental
4302,2026-05-19_12h12.10.944,,196,,75,Easy,Red,63,n,,,n,0.4288000000044576,,1,6,Seguramente Correcto,Experimental
4302,2026-05-19_12h12.10.944,,197,,76,Easy,Blue,64,c,,,c,0.4494000000059373,,1,6,Seguramente Correcto,Experimental
4302,2026-05-19_12h12.10.944,,198,,77,Average,Blue,54,c,,,c,0.569300000004489,,2,5,Probablemente Correcto,Experimental
4302,2026-05-19_12h12.10.944,,199,,78,Difficult,Blue,44,c,,,c,0.3353000000044517,,1,6,Seguramente Correcto,Experimental
4302,2026-05-19_12h12.10.944,,200,,79,Easy,Red,64,n,,,n,0.2687000000029798,,1,6,Seguramente Correcto,Experimental
4302,2026-05-19_12h12.10.944,,201,,80,Difficult,Red,44,n,,,c,0.4618000000044731,,1,6,Seguramente Correcto,Experimental
4302,2026-05-19_12h12.10.944,,202,,81,Easy,Red,63,n,,,n,0.33449999999999136,,1,6,Seguramente Correcto,Experimental
4302,2026-05-19_12h12.10.944,,203,,82,Average,Red,52,n,,,n,0.2707000000029893,,2,5,Probablemente Correcto,Experimental
4302,2026-05-19_12h12.10.944,,204,,83,Difficult,Red,41,n,,,c,0.5946000000014919,,1,6,Seguramente Correcto,Experimental
4302,2026-05-19_12h12.10.944,,205,,84,Easy,Red,61,n,,,n,0.2687000000029798,,2,5,Probablemente Correcto,Experimental
4302,2026-05-19_12h12.10.944,,206,,85,Average,Red,55,n,,,n,0.2941000000014924,,1,6,Seguramente Correcto,Experimental
4302,2026-05-19_12h12.10.944,,207,,86,Easy,Red,61,n,,,n,0.23770000000297387,,1,6,Seguramente Correcto,Experimental
4302,2026-05-19_12h12.10.944,,208,,87,Difficult,Red,44,n,,,c,0.5501999999955274,,1,6,Seguramente Correcto,Experimental
4302,2026-05-19_12h12.10.944,,209,,88,Average,Red,54,n,,,n,0.24610000000149057,,2,5,Probablemente Correcto,Experimental
4302,2026-05-19_12h12.10.944,,210,,89,Difficult,Red,45,n,,,c,0.549799999996992,,2,5,Probablemente Correcto,Experimental
4302,2026-05-19_12h12.10.944,,211,,90,Difficult,Blue,44,c,,,c,1.0129000000059136,,1,6,Seguramente Correcto,Experimental
4302,2026-05-19_12h12.10.944,,212,,91,Easy,Red,61,n,,,n,0.2818000000045231,,2,5,Probablemente Correcto,Experimental
4302,2026-05-19_12h12.10.944,,213,,92,Difficult,Red,45,n,,,n,0.6225000000000023,,1,6,Seguramente Correcto,Experimental
4302,2026-05-19_12h12.10.944,,214,,93,Average,Red,53,n,,,n,0.5382999999970366,,2,5,Probablemente Correcto,Experimental
4302,2026-05-19_12h12.10.944,,215,,94,Difficult,Red,45,n,,,n,0.6671000000014828,,2,5,Probablemente Correcto,Experimental
4302,2026-05-19_12h12.10.944,,216,,95,Difficult,Red,43,n,,,c,0.6491000000014537,,2,5,Probablemente Correcto,Experimental
4302,2026-05-19_12h12.10.944,,217,,96,Difficult,Red,44,n,,,c,1.0288999999984867,,2,5,Probablemente Correcto,Experimental
4302,2026-05-19_12h12.10.944,,218,,97,Difficult,Blue,41,c,,,c,1.4776000000015301,,3,4,Tal vez sea Correcto,Experimental
4302,2026-05-19_12h12.10.944,,219,,98,Difficult,Blue,43,c,,,c,0.667799999996987,,2,5,Probablemente Correcto,Experimental
4302,2026-05-19_12h12.10.944,,220,,99,Easy,Red,64,n,,,n,0.5797999999970216,,1,6,Seguramente Correcto,Experimental
4302,2026-05-19_12h12.10.944,,221,,100,Difficult,Red,44,n,,,n,1.4792999999970107,,2,5,Probablemente Correcto,Experimental
4302,2026-05-19_12h12.10.944,,222,,101,Difficult,Red,43,n,,,c,1.3470999999940432,,2,5,Probablemente Correcto,Experimental
4302,2026-05-19_12h12.10.944,,223,,102,Average,Blue,53,c,,,c,0.6326000000015028,,1,6,Seguramente Correcto,Experimental
4302,2026-05-19_12h12.10.944,,224,,103,Easy,Red,65,n,,,n,0.5812999999969861,,1,6,Seguramente Correcto,Experimental
4302,2026-05-19_12h12.10.944,,225,,104,Difficult,Red,43,n,,,n,1.4692000000029566,,3,4,Tal vez sea Correcto,Experimental
4302,2026-05-19_12h12.10.944,,226,,105,Average,Blue,51,c,,,c,0.6599999999999682,,2,5,Probablemente Correcto,Experimental
4302,2026-05-19_12h12.10.944,,227,,106,Easy,Blue,63,c,,,c,0.63809999999404,,1,6,Seguramente Correcto,Experimental
4302,2026-05-19_12h12.10.944,,228,,107,Difficult,Red,42,n,,,n,0.51309999999404,,1,6,Seguramente Correcto,Experimental
